id_cliente,nombre,genero,edad,ciudad
1,Binny Perks,Female,48,Lughaye
2,Wheeler Giacoboni,Male,33,Banjar Sebual
3,Jeddy Pedrozzi,Male,8,Houston
4,Mersey Robard,Female,4,Shataping
5,Almira Santer,Female,19,Lévis
6,Robenia Ingreda,Female,13,Patquía
7,Darby Reagan,Male,40,Katovice
8,Teddy Baroche,Female,83,Oslo
9,Bobbi Illsley,Female,57,Hadāli
10,Akim Knevit,Male,27,Potet
11,Hilary Guido,Male,26,Linköping
12,Dode Mennear,Female,83,Marinilla
13,Danielle Beckhouse,Female,70,Matsena
14,Delilah Pengelley,Female,70,Gävle
15,Martica Blakeston,Female,33,Chengxi
16,Orelee Geere,Female,76,Laventille
17,Howey Priestnall,Male,53,Nogueira da Regedoura
18,Jaclin Hankey,Female,30,La Roche-sur-Yon
19,Hillier Skeene,Male,15,Springbok
20,Hamel Simson,Male,4,Taradale
21,Kristofer Acomb,Male,66,Gebang
22,Lucias Feldberger,Male,45,Zhongxinqiao
23,Roman Collop,Male,85,Skore
24,Freeland Hallick,Male,33,Podosinovets
25,Tremaine Satterlee,Male,30,Isiolo
26,Emiline Biddell,Female,88,Yanghuxiang
27,Joby Piggrem,Female,73,Cocieri
28,Dall Hanshawe,Male,85,Vitória do Mearim
29,Jedd Hayesman,Male,54,Thung Song
30,Linus Halpin,Male,48,Sunjia
31,Orville Schwand,Male,57,Malangwa
32,Eloisa Aldin,Genderfluid,82,Sydney
33,Joyann Straun,Female,20,Yunmenling
34,Ula Charles,Female,1,Uvarovka
35,Friederike Beeze,Female,27,Fort Worth
36,Shawna Gillbard,Female,60,Valdivia
37,Fern Piborn,Female,22,Chian Yai
38,Thatch Spinella,Male,64,Oslo
39,Martelle Dmiterko,Female,4,Hongxi
40,Winfield Persicke,Male,1,Leiyang
41,Cory Biggins,Male,1,Aveleda
42,Salvatore Burbidge,Bigender,87,Rancaerang
43,Rici Garmanson,Female,28,Blarney
44,Billy Hortop,Male,1,Kabacan
45,Ninnette Filimore,Female,85,Kasulu
46,Keri Boycott,Female,31,Elias Fausto
47,Pren Fairs,Male,10,San Juan de la Maguana
48,Morgen Kupka,Male,34,Hikari
49,Enrica Meins,Female,60,Tucheng
50,Orbadiah Plet,Male,40,Ballyjamesduff
51,Major Crawshaw,Male,82,Bulu
52,Kurtis Kidgell,Male,60,Riofrío
53,Adena Walshaw,Female,14,Livádion
54,Dani Guerin,Female,86,Tanxi
55,Ileana Peers,Female,64,Yangdian
56,Gloria Willwood,Female,78,Putrajaya
57,Cordey Credland,Female,71,Lapas
58,Collette Clayill,Female,25,Jincheng
59,Karim Petow,Male,1,Ashcroft
60,Wilfred Calloway,Male,49,Wrocław
61,Uriah Crosham,Male,76,Jielin
62,Melisse Josefsohn,Female,76,Thị Trấn Yên Thế
63,Arne Bullon,Male,27,Jikamshi
64,Gena McTrustram,Female,76,Aleshtar
65,Sheela Parlot,Female,78,Vyshneve
66,Cad Bottoner,Male,86,Bełchatów
67,Tracey Fripps,Female,8,Geneina
68,Leyla Duncan,Genderqueer,40,Wanmingang
69,Theadora Renvoys,Female,74,Slavgorod
70,Base Sadry,Male,59,Chechen-Aul
71,Brenden Delve,Male,42,Głogów Małopolski
72,Davy Readwin,Male,42,Jinjia
73,Tony Berrisford,Female,39,Macedo de Cavaleiros
74,Valentino Gehrtz,Male,67,Irákleia
75,Wain Kenaway,Male,85,Merrifield
76,Renell Esley,Female,76,Askiz
77,Samaria Severwright,Female,48,Gouveia
78,Edmund Willden,Male,47,Dalu
79,Mallorie Pitceathly,Female,55,El Paraiso
80,Zachery La Wille,Male,41,Malino
81,Vlad Cussen,Genderfluid,7,Bétérou
82,Karrie Farlowe,Female,36,Franco da Rocha
83,Lalo Cotty,Male,84,Mairiporã
84,Willem Strelitzki,Male,79,Zhushan Chengguanzhen
85,Ardenia Jezard,Female,8,São Francisco do Sul
86,Dorthea Jonke,Female,72,Suresnes
87,Rudy Drynan,Male,84,Saint-Pierre-des-Corps
88,Corbet Sporle,Male,62,Kaznějov
89,Neda Garretts,Female,8,Sergio Osmeña Sr
90,Jamie Skeete,Male,27,Vällingby
91,Hamil Skingle,Male,49,Şūr
92,Charis Janning,Female,7,Houzhai
93,Tyson Dullard,Male,10,Jaro
94,Angeli Priestnall,Male,2,Rydzyna
95,Curry Hodcroft,Male,30,Miaotang
96,Sonnnie Redmore,Female,12,Höshigiyn-Ar
97,Dareen Akred,Female,17,Osapsio
98,Dreddy Bernuzzi,Female,14,San José de Comayagua
99,Joey Pacher,Female,88,Rantaupanjang
100,Ken MacGillreich,Male,9,Naguilian
